{
  "customerlogin" : {
    "transaction" : "customerlogin",
    "sampleCount" : 10,
    "errorCount" : 0,
    "errorPct" : 0.0,
    "meanResTime" : 4079.3,
    "medianResTime" : 4019.0,
    "minResTime" : 3490.0,
    "maxResTime" : 4703.0,
    "pct1ResTime" : 4695.6,
    "pct2ResTime" : 4703.0,
    "pct3ResTime" : 4703.0,
    "throughput" : 1.9758940920766646,
    "receivedKBytesPerSec" : 0.8355099041691365,
    "sentKBytesPerSec" : 0.555720213396562
  },
  "customer update" : {
    "transaction" : "customer update",
    "sampleCount" : 10,
    "errorCount" : 2,
    "errorPct" : 20.0,
    "meanResTime" : 3006.6,
    "medianResTime" : 1817.5,
    "minResTime" : 281.0,
    "maxResTime" : 9331.0,
    "pct1ResTime" : 9128.6,
    "pct2ResTime" : 9331.0,
    "pct3ResTime" : 9331.0,
    "throughput" : 1.06315118009781,
    "receivedKBytesPerSec" : 0.4328395771316181,
    "sentKBytesPerSec" : 0.550575264458856
  },
  "create new customer csv" : {
    "transaction" : "create new customer csv",
    "sampleCount" : 10,
    "errorCount" : 2,
    "errorPct" : 20.0,
    "meanResTime" : 6478.5,
    "medianResTime" : 5307.5,
    "minResTime" : 3.0,
    "maxResTime" : 14334.0,
    "pct1ResTime" : 13932.100000000002,
    "pct2ResTime" : 14334.0,
    "pct3ResTime" : 14334.0,
    "throughput" : 0.6936736958934517,
    "receivedKBytesPerSec" : 0.3291562976900666,
    "sentKBytesPerSec" : 0.32184020792869034
  },
  "Total" : {
    "transaction" : "Total",
    "sampleCount" : 30,
    "errorCount" : 4,
    "errorPct" : 13.333333,
    "meanResTime" : 4521.466666666668,
    "medianResTime" : 4245.5,
    "minResTime" : 3.0,
    "maxResTime" : 14334.0,
    "pct1ResTime" : 10209.400000000001,
    "pct2ResTime" : 12123.549999999997,
    "pct3ResTime" : 14334.0,
    "throughput" : 1.4565227945817354,
    "receivedKBytesPerSec" : 0.633340868815847,
    "sentKBytesPerSec" : 0.6132378198281303
  }
}